0,4770,4519,4268,4017,3766,3515,3264,3013,2762,2511,2260,2009,1758,1507,1256,1005,754,503,252,1
1,4771,4520,4269,4018,3767,3516,3265,3014,2763,2512,2261,2010,1759,1508,1257,1006,755,504,253,2
2,4772,4521,4270,4019,3768,3517,3266,3015,2764,2513,2262,2011,1760,1509,1258,1007,756,505,254,3
3,4773,4522,4271,4020,3769,3518,3267,3016,2765,2514,2263,2012,1761,1510,1259,1008,757,506,255,4
4,4774,4523,4272,4021,3770,3519,3268,3017,2766,2515,2264,2013,1762,1511,1260,1009,758,507,256,5
5,4775,4524,4273,4022,3771,3520,3269,3018,2767,2516,2265,2014,1763,1512,1261,1010,759,508,257,6
6,4776,4525,4274,4023,3772,3521,3270,3019,2768,2517,2266,2015,1764,1513,1262,1011,760,509,258,7
7,4777,4526,4275,4024,3773,3522,3271,3020,2769,2518,2267,2016,1765,1514,1263,1012,761,510,259,8
8,4778,4527,4276,4025,3774,3523,3272,3021,2770,2519,2268,2017,1766,1515,1264,1013,762,511,260,9
9,4779,4528,4277,4026,3775,3524,3273,3022,2771,2520,2269,2018,1767,1516,1265,1014,763,512,261,10
10,4780,4529,4278,4027,3776,3525,3274,3023,2772,2521,2270,2019,1768,1517,1266,1015,764,513,262,11
11,4781,4530,4279,4028,3777,3526,3275,3024,2773,2522,2271,2020,1769,1518,1267,1016,765,514,263,12
12,4782,4531,4280,4029,3778,3527,3276,3025,2774,2523,2272,2021,1770,1519,1268,1017,766,515,264,13
13,4783,4532,4281,4030,3779,3528,3277,3026,2775,2524,2273,2022,1771,1520,1269,1018,767,516,265,14
14,4784,4533,4282,4031,3780,3529,3278,3027,2776,2525,2274,2023,1772,1521,1270,1019,768,517,266,15
15,4785,4534,4283,4032,3781,3530,3279,3028,2777,2526,2275,2024,1773,1522,1271,1020,769,518,267,16
16,4786,4535,4284,4033,3782,3531,3280,3029,2778,2527,2276,2025,1774,1523,1272,1021,770,519,268,17
17,4787,4536,4285,4034,3783,3532,3281,3030,2779,2528,2277,2026,1775,1524,1273,1022,771,520,269,18
18,4788,4537,4286,4035,3784,3533,3282,3031,2780,2529,2278,2027,1776,1525,1274,1023,772,521,270,19
19,4789,4538,4287,4036,3785,3534,3283,3032,2781,2530,2279,2028,1777,1526,1275,1024,773,522,271,20
20,4790,4539,4288,4037,3786,3535,3284,3033,2782,2531,2280,2029,1778,1527,1276,1025,774,523,272,21
21,4791,4540,4289,4038,3787,3536,3285,3034,2783,2532,2281,2030,1779,1528,1277,1026,775,524,273,22
22,4792,4541,4290,4039,3788,3537,3286,3035,2784,2533,2282,2031,1780,1529,1278,1027,776,525,274,23
23,4793,4542,4291,4040,3789,3538,3287,3036,2785,2534,2283,2032,1781,1530,1279,1028,777,526,275,24
24,4794,4543,4292,4041,3790,3539,3288,3037,2786,2535,2284,2033,1782,1531,1280,1029,778,527,276,25
25,4795,4544,4293,4042,3791,3540,3289,3038,2787,2536,2285,2034,1783,1532,1281,1030,779,528,277,26
26,4796,4545,4294,4043,3792,3541,3290,3039,2788,2537,2286,2035,1784,1533,1282,1031,780,529,278,27
27,4797,4546,4295,4044,3793,3542,3291,3040,2789,2538,2287,2036,1785,1534,1283,1032,781,530,279,28
28,4798,4547,4296,4045,3794,3543,3292,3041,2790,2539,2288,2037,1786,1535,1284,1033,782,531,280,29
29,4799,4548,4297,4046,3795,3544,3293,3042,2791,2540,2289,2038,1787,1536,1285,1034,783,532,281,30
30,4800,4549,4298,4047,3796,3545,3294,3043,2792,2541,2290,2039,1788,1537,1286,1035,784,533,282,31
31,4801,4550,4299,4048,3797,3546,3295,3044,2793,2542,2291,2040,1789,1538,1287,1036,785,534,283,32
32,4802,4551,4300,4049,3798,3547,3296,3045,2794,2543,2292,2041,1790,1539,1288,1037,786,535,284,33
33,4803,4552,4301,4050,3799,3548,3297,3046,2795,2544,2293,2042,1791,1540,1289,1038,787,536,285,34
34,4804,4553,4302,4051,3800,3549,3298,3047,2796,2545,2294,2043,1792,1541,1290,1039,788,537,286,35
35,4805,4554,4303,4052,3801,3550,3299,3048,2797,2546,2295,2044,1793,1542,1291,1040,789,538,287,36
36,4806,4555,4304,4053,3802,3551,3300,3049,2798,2547,2296,2045,1794,1543,1292,1041,790,539,288,37
37,4807,4556,4305,4054,3803,3552,3301,3050,2799,2548,2297,2046,1795,1544,1293,1042,791,540,289,38
38,4808,4557,4306,4055,3804,3553,3302,3051,2800,2549,2298,2047,1796,1545,1294,1043,792,541,290,39
39,4809,4558,4307,4056,3805,3554,3303,3052,2801,2550,2299,2048,1797,1546,1295,1044,793,542,291,40
40,4810,4559,4308,4057,3806,3555,3304,3053,2802,2551,2300,2049,1798,1547,1296,1045,794,543,292,41
41,4811,4560,4309,4058,3807,3556,3305,3054,2803,2552,2301,2050,1799,1548,1297,1046,795,544,293,42
42,4812,4561,4310,4059,3808,3557,3306,3055,2804,2553,2302,2051,1800,1549,1298,1047,796,545,294,43
43,4813,4562,4311,4060,3809,3558,3307,3056,2805,2554,2303,2052,1801,1550,1299,1048,797,546,295,44
44,4814,4563,4312,4061,3810,3559,3308,3057,2806,2555,2304,2053,1802,1551,1300,1049,798,547,296,45
45,4815,4564,4313,4062,3811,3560,3309,3058,2807,2556,2305,2054,1803,1552,1301,1050,799,548,297,46
46,4816,4565,4314,4063,3812,3561,3310,3059,2808,2557,2306,2055,1804,1553,1302,1051,800,549,298,47
47,4817,4566,4315,4064,3813,3562,3311,3060,2809,2558,2307,2056,1805,1554,1303,1052,801,550,299,48
48,4818,4567,4316,4065,3814,3563,3312,3061,2810,2559,2308,2057,1806,1555,1304,1053,802,551,300,49
49,4819,4568,4317,4066,3815,3564,3313,3062,2811,2560,2309,2058,1807,1556,1305,1054,803,552,301,50
50,4820,4569,4318,4067,3816,3565,3314,3063,2812,2561,2310,2059,1808,1557,1306,1055,804,553,302,51
51,4821,4570,4319,4068,3817,3566,3315,3064,2813,2562,2311,2060,1809,1558,1307,1056,805,554,303,52
52,4822,4571,4320,4069,3818,3567,3316,3065,2814,2563,2312,2061,1810,1559,1308,1057,806,555,304,53
53,4823,4572,4321,4070,3819,3568,3317,3066,2815,2564,2313,2062,1811,1560,1309,1058,807,556,305,54
54,4824,4573,4322,4071,3820,3569,3318,3067,2816,2565,2314,2063,1812,1561,1310,1059,808,557,306,55
55,4825,4574,4323,4072,3821,3570,3319,3068,2817,2566,2315,2064,1813,1562,1311,1060,809,558,307,56
56,4826,4575,4324,4073,3822,3571,3320,3069,2818,2567,2316,2065,1814,1563,1312,1061,810,559,308,57
57,4827,4576,4325,4074,3823,3572,3321,3070,2819,2568,2317,2066,1815,1564,1313,1062,811,560,309,58
58,4828,4577,4326,4075,3824,3573,3322,3071,2820,2569,2318,2067,1816,1565,1314,1063,812,561,310,59
59,4829,4578,4327,4076,3825,3574,3323,3072,2821,2570,2319,2068,1817,1566,1315,1064,813,562,311,60
60,4830,4579,4328,4077,3826,3575,3324,3073,2822,2571,2320,2069,1818,1567,1316,1065,814,563,312,61
61,4831,4580,4329,4078,3827,3576,3325,3074,2823,2572,2321,2070,1819,1568,1317,1066,815,564,313,62
62,4832,4581,4330,4079,3828,3577,3326,3075,2824,2573,2322,2071,1820,1569,1318,1067,816,565,314,63
63,4833,4582,4331,4080,3829,3578,3327,3076,2825,2574,2323,2072,1821,1570,1319,1068,817,566,315,64
64,4834,4583,4332,4081,3830,3579,3328,3077,2826,2575,2324,2073,1822,1571,1320,1069,818,567,316,65
65,4835,4584,4333,4082,3831,3580,3329,3078,2827,2576,2325,2074,1823,1572,1321,1070,819,568,317,66
66,4836,4585,4334,4083,3832,3581,3330,3079,2828,2577,2326,2075,1824,1573,1322,1071,820,569,318,67
67,4837,4586,4335,4084,3833,3582,3331,3080,2829,2578,2327,2076,1825,1574,1323,1072,821,570,319,68
68,4838,4587,4336,4085,3834,3583,3332,3081,2830,2579,2328,2077,1826,1575,1324,1073,822,571,320,69
69,4839,4588,4337,4086,3835,3584,3333,3082,2831,2580,2329,2078,1827,1576,1325,1074,823,572,321,70
70,4840,4589,4338,4087,3836,3585,3334,3083,2832,2581,2330,2079,1828,1577,1326,1075,824,573,322,71
71,4841,4590,4339,4088,3837,3586,3335,3084,2833,2582,2331,2080,1829,1578,1327,1076,825,574,323,72
72,4842,4591,4340,4089,3838,3587,3336,3085,2834,2583,2332,2081,1830,1579,1328,1077,826,575,324,73
73,4843,4592,4341,4090,3839,3588,3337,3086,2835,2584,2333,2082,1831,1580,1329,1078,827,576,325,74
74,4844,4593,4342,4091,3840,3589,3338,3087,2836,2585,2334,2083,1832,1581,1330,1079,828,577,326,75
75,4845,4594,4343,4092,3841,3590,3339,3088,2837,2586,2335,2084,1833,1582,1331,1080,829,578,327,76
76,4846,4595,4344,4093,3842,3591,3340,3089,2838,2587,2336,2085,1834,1583,1332,1081,830,579,328,77
77,4847,4596,4345,4094,3843,3592,3341,3090,2839,2588,2337,2086,1835,1584,1333,1082,831,580,329,78
78,4848,4597,4346,4095,3844,3593,3342,3091,2840,2589,2338,2087,1836,1585,1334,1083,832,581,330,79
79,4849,4598,4347,4096,3845,3594,3343,3092,2841,2590,2339,2088,1837,1586,1335,1084,833,582,331,80
80,4850,4599,4348,4097,3846,3595,3344,3093,2842,2591,2340,2089,1838,1587,1336,1085,834,583,332,81
81,4851,4600,4349,4098,3847,3596,3345,3094,2843,2592,2341,2090,1839,1588,1337,1086,835,584,333,82
82,4852,4601,4350,4099,3848,3597,3346,3095,2844,2593,2342,2091,1840,1589,1338,1087,836,585,334,83
83,4853,4602,4351,4100,3849,3598,3347,3096,2845,2594,2343,2092,1841,1590,1339,1088,837,586,335,84
84,4854,4603,4352,4101,3850,3599,3348,3097,2846,2595,2344,2093,1842,1591,1340,1089,838,587,336,85
85,4855,4604,4353,4102,3851,3600,3349,3098,2847,2596,2345,2094,1843,1592,1341,1090,839,588,337,86
86,4856,4605,4354,4103,3852,3601,3350,3099,2848,2597,2346,2095,1844,1593,1342,1091,840,589,338,87
87,4857,4606,4355,4104,3853,3602,3351,3100,2849,2598,2347,2096,1845,1594,1343,1092,841,590,339,88
88,4858,4607,4356,4105,3854,3603,3352,3101,2850,2599,2348,2097,1846,1595,1344,1093,842,591,340,89
89,4859,4608,4357,4106,3855,3604,3353,3102,2851,2600,2349,2098,1847,1596,1345,1094,843,592,341,90
90,4860,4609,4358,4107,3856,3605,3354,3103,2852,2601,2350,2099,1848,1597,1346,1095,844,593,342,91
91,4861,4610,4359,4108,3857,3606,3355,3104,2853,2602,2351,2100,1849,1598,1347,1096,845,594,343,92
92,4862,4611,4360,4109,3858,3607,3356,3105,2854,2603,2352,2101,1850,1599,1348,1097,846,595,344,93
93,4863,4612,4361,4110,3859,3608,3357,3106,2855,2604,2353,2102,1851,1600,1349,1098,847,596,345,94
94,4864,4613,4362,4111,3860,3609,3358,3107,2856,2605,2354,2103,1852,1601,1350,1099,848,597,346,95
95,4865,4614,4363,4112,3861,3610,3359,3108,2857,2606,2355,2104,1853,1602,1351,1100,849,598,347,96
96,4866,4615,4364,4113,3862,3611,3360,3109,2858,2607,2356,2105,1854,1603,1352,1101,850,599,348,97
97,4867,4616,4365,4114,3863,3612,3361,3110,2859,2608,2357,2106,1855,1604,1353,1102,851,600,349,98
98,4868,4617,4366,4115,3864,3613,3362,3111,2860,2609,2358,2107,1856,1605,1354,1103,852,601,350,99
99,4869,4618,4367,4116,3865,3614,3363,3112,2861,2610,2359,2108,1857,1606,1355,1104,853,602,351,100
100,4870,4619,4368,4117,3866,3615,3364,3113,2862,2611,2360,2109,1858,1607,1356,1105,854,603,352,101
101,4871,4620,4369,4118,3867,3616,3365,3114,2863,2612,2361,2110,1859,1608,1357,1106,855,604,353,102
102,4872,4621,4370,4119,3868,3617,3366,3115,2864,2613,2362,2111,1860,1609,1358,1107,856,605,354,103
103,4873,4622,4371,4120,3869,3618,3367,3116,2865,2614,2363,2112,1861,1610,1359,1108,857,606,355,104
104,4874,4623,4372,4121,3870,3619,3368,3117,2866,2615,2364,2113,1862,1611,1360,1109,858,607,356,105
105,4875,4624,4373,4122,3871,3620,3369,3118,2867,2616,2365,2114,1863,1612,1361,1110,859,608,357,106
106,4876,4625,4374,4123,3872,3621,3370,3119,2868,2617,2366,2115,1864,1613,1362,1111,860,609,358,107
107,4877,4626,4375,4124,3873,3622,3371,3120,2869,2618,2367,2116,1865,1614,1363,1112,861,610,359,108
108,4878,4627,4376,4125,3874,3623,3372,3121,2870,2619,2368,2117,1866,1615,1364,1113,862,611,360,109
109,4879,4628,4377,4126,3875,3624,3373,3122,2871,2620,2369,2118,1867,1616,1365,1114,863,612,361,110
110,4880,4629,4378,4127,3876,3625,3374,3123,2872,2621,2370,2119,1868,1617,1366,1115,864,613,362,111
111,4881,4630,4379,4128,3877,3626,3375,3124,2873,2622,2371,2120,1869,1618,1367,1116,865,614,363,112
112,4882,4631,4380,4129,3878,3627,3376,3125,2874,2623,2372,2121,1870,1619,1368,1117,866,615,364,113
113,4883,4632,4381,4130,3879,3628,3377,3126,2875,2624,2373,2122,1871,1620,1369,1118,867,616,365,114
114,4884,4633,4382,4131,3880,3629,3378,3127,2876,2625,2374,2123,1872,1621,1370,1119,868,617,366,115
115,4885,4634,4383,4132,3881,3630,3379,3128,2877,2626,2375,2124,1873,1622,1371,1120,869,618,367,116
116,4886,4635,4384,4133,3882,3631,3380,3129,2878,2627,2376,2125,1874,1623,1372,1121,870,619,368,117
117,4887,4636,4385,4134,3883,3632,3381,3130,2879,2628,2377,2126,1875,1624,1373,1122,871,620,369,118
118,4888,4637,4386,4135,3884,3633,3382,3131,2880,2629,2378,2127,1876,1625,1374,1123,872,621,370,119
119,4889,4638,4387,4136,3885,3634,3383,3132,2881,2630,2379,2128,1877,1626,1375,1124,873,622,371,120
120,4890,4639,4388,4137,3886,3635,3384,3133,2882,2631,2380,2129,1878,1627,1376,1125,874,623,372,121
121,4891,4640,4389,4138,3887,3636,3385,3134,2883,2632,2381,2130,1879,1628,1377,1126,875,624,373,122
122,4892,4641,4390,4139,3888,3637,3386,3135,2884,2633,2382,2131,1880,1629,1378,1127,876,625,374,123
123,4893,4642,4391,4140,3889,3638,3387,3136,2885,2634,2383,2132,1881,1630,1379,1128,877,626,375,124
124,4894,4643,4392,4141,3890,3639,3388,3137,2886,2635,2384,2133,1882,1631,1380,1129,878,627,376,125
125,4895,4644,4393,4142,3891,3640,3389,3138,2887,2636,2385,2134,1883,1632,1381,1130,879,628,377,126
126,4896,4645,4394,4143,3892,3641,3390,3139,2888,2637,2386,2135,1884,1633,1382,1131,880,629,378,127
127,4897,4646,4395,4144,3893,3642,3391,3140,2889,2638,2387,2136,1885,1634,1383,1132,881,630,379,128
128,4898,4647,4396,4145,3894,3643,3392,3141,2890,2639,2388,2137,1886,1635,1384,1133,882,631,380,129
129,4899,4648,4397,4146,3895,3644,3393,3142,2891,2640,2389,2138,1887,1636,1385,1134,883,632,381,130
130,4900,4649,4398,4147,3896,3645,3394,3143,2892,2641,2390,2139,1888,1637,1386,1135,884,633,382,131
131,4901,4650,4399,4148,3897,3646,3395,3144,2893,2642,2391,2140,1889,1638,1387,1136,885,634,383,132
132,4902,4651,4400,4149,3898,3647,3396,3145,2894,2643,2392,2141,1890,1639,1388,1137,886,635,384,133
133,4903,4652,4401,4150,3899,3648,3397,3146,2895,2644,2393,2142,1891,1640,1389,1138,887,636,385,134
134,4904,4653,4402,4151,3900,3649,3398,3147,2896,2645,2394,2143,1892,1641,1390,1139,888,637,386,135
135,4905,4654,4403,4152,3901,3650,3399,3148,2897,2646,2395,2144,1893,1642,1391,1140,889,638,387,136
136,4906,4655,4404,4153,3902,3651,3400,3149,2898,2647,2396,2145,1894,1643,1392,1141,890,639,388,137
137,4907,4656,4405,4154,3903,3652,3401,3150,2899,2648,2397,2146,1895,1644,1393,1142,891,640,389,138
138,4908,4657,4406,4155,3904,3653,3402,3151,2900,2649,2398,2147,1896,1645,1394,1143,892,641,390,139
139,4909,4658,4407,4156,3905,3654,3403,3152,2901,2650,2399,2148,1897,1646,1395,1144,893,642,391,140
140,4910,4659,4408,4157,3906,3655,3404,3153,2902,2651,2400,2149,1898,1647,1396,1145,894,643,392,141
141,4911,4660,4409,4158,3907,3656,3405,3154,2903,2652,2401,2150,1899,1648,1397,1146,895,644,393,142
142,4912,4661,4410,4159,3908,3657,3406,3155,2904,2653,2402,2151,1900,1649,1398,1147,896,645,394,143
143,4913,4662,4411,4160,3909,3658,3407,3156,2905,2654,2403,2152,1901,1650,1399,1148,897,646,395,144
144,4914,4663,4412,4161,3910,3659,3408,3157,2906,2655,2404,2153,1902,1651,1400,1149,898,647,396,145
145,4915,4664,4413,4162,3911,3660,3409,3158,2907,2656,2405,2154,1903,1652,1401,1150,899,648,397,146
146,4916,4665,4414,4163,3912,3661,3410,3159,2908,2657,2406,2155,1904,1653,1402,1151,900,649,398,147
147,4917,4666,4415,4164,3913,3662,3411,3160,2909,2658,2407,2156,1905,1654,1403,1152,901,650,399,148
148,4918,4667,4416,4165,3914,3663,3412,3161,2910,2659,2408,2157,1906,1655,1404,1153,902,651,400,149
149,4919,4668,4417,4166,3915,3664,3413,3162,2911,2660,2409,2158,1907,1656,1405,1154,903,652,401,150
150,4920,4669,4418,4167,3916,3665,3414,3163,2912,2661,2410,2159,1908,1657,1406,1155,904,653,402,151
151,4921,4670,4419,4168,3917,3666,3415,3164,2913,2662,2411,2160,1909,1658,1407,1156,905,654,403,152
152,4922,4671,4420,4169,3918,3667,3416,3165,2914,2663,2412,2161,1910,1659,1408,1157,906,655,404,153
153,4923,4672,4421,4170,3919,3668,3417,3166,2915,2664,2413,2162,1911,1660,1409,1158,907,656,405,154
154,4924,4673,4422,4171,3920,3669,3418,3167,2916,2665,2414,2163,1912,1661,1410,1159,908,657,406,155
155,4925,4674,4423,4172,3921,3670,3419,3168,2917,2666,2415,2164,1913,1662,1411,1160,909,658,407,156
156,4926,4675,4424,4173,3922,3671,3420,3169,2918,2667,2416,2165,1914,1663,1412,1161,910,659,408,157
157,4927,4676,4425,4174,3923,3672,3421,3170,2919,2668,2417,2166,1915,1664,1413,1162,911,660,409,158
158,4928,4677,4426,4175,3924,3673,3422,3171,2920,2669,2418,2167,1916,1665,1414,1163,912,661,410,159
159,4929,4678,4427,4176,3925,3674,3423,3172,2921,2670,2419,2168,1917,1666,1415,1164,913,662,411,160
160,4930,4679,4428,4177,3926,3675,3424,3173,2922,2671,2420,2169,1918,1667,1416,1165,914,663,412,161
161,4931,4680,4429,4178,3927,3676,3425,3174,2923,2672,2421,2170,1919,1668,1417,1166,915,664,413,162
162,4932,4681,4430,4179,3928,3677,3426,3175,2924,2673,2422,2171,1920,1669,1418,1167,916,665,414,163
163,4933,4682,4431,4180,3929,3678,3427,3176,2925,2674,2423,2172,1921,1670,1419,1168,917,666,415,164
164,4934,4683,4432,4181,3930,3679,3428,3177,2926,2675,2424,2173,1922,1671,1420,1169,918,667,416,165
165,4935,4684,4433,4182,3931,3680,3429,3178,2927,2676,2425,2174,1923,1672,1421,1170,919,668,417,166
166,4936,4685,4434,4183,3932,3681,3430,3179,2928,2677,2426,2175,1924,1673,1422,1171,920,669,418,167
167,4937,4686,4435,4184,3933,3682,3431,3180,2929,2678,2427,2176,1925,1674,1423,1172,921,670,419,168
168,4938,4687,4436,4185,3934,3683,3432,3181,2930,2679,2428,2177,1926,1675,1424,1173,922,671,420,169
169,4939,4688,4437,4186,3935,3684,3433,3182,2931,2680,2429,2178,1927,1676,1425,1174,923,672,421,170
170,4940,4689,4438,4187,3936,3685,3434,3183,2932,2681,2430,2179,1928,1677,1426,1175,924,673,422,171
171,4941,4690,4439,4188,3937,3686,3435,3184,2933,2682,2431,2180,1929,1678,1427,1176,925,674,423,172
172,4942,4691,4440,4189,3938,3687,3436,3185,2934,2683,2432,2181,1930,1679,1428,1177,926,675,424,173
173,4943,4692,4441,4190,3939,3688,3437,3186,2935,2684,2433,2182,1931,1680,1429,1178,927,676,425,174
174,4944,4693,4442,4191,3940,3689,3438,3187,2936,2685,2434,2183,1932,1681,1430,1179,928,677,426,175
175,4945,4694,4443,4192,3941,3690,3439,3188,2937,2686,2435,2184,1933,1682,1431,1180,929,678,427,176
176,4946,4695,4444,4193,3942,3691,3440,3189,2938,2687,2436,2185,1934,1683,1432,1181,930,679,428,177
177,4947,4696,4445,4194,3943,3692,3441,3190,2939,2688,2437,2186,1935,1684,1433,1182,931,680,429,178
178,4948,4697,4446,4195,3944,3693,3442,3191,2940,2689,2438,2187,1936,1685,1434,1183,932,681,430,179
179,4949,4698,4447,4196,3945,3694,3443,3192,2941,2690,2439,2188,1937,1686,1435,1184,933,682,431,180
180,4950,4699,4448,4197,3946,3695,3444,3193,2942,2691,2440,2189,1938,1687,1436,1185,934,683,432,181
181,4951,4700,4449,4198,3947,3696,3445,3194,2943,2692,2441,2190,1939,1688,1437,1186,935,684,433,182
182,4952,4701,4450,4199,3948,3697,3446,3195,2944,2693,2442,2191,1940,1689,1438,1187,936,685,434,183
183,4953,4702,4451,4200,3949,3698,3447,3196,2945,2694,2443,2192,1941,1690,1439,1188,937,686,435,184
184,4954,4703,4452,4201,3950,3699,3448,3197,2946,2695,2444,2193,1942,1691,1440,1189,938,687,436,185
185,4955,4704,4453,4202,3951,3700,3449,3198,2947,2696,2445,2194,1943,1692,1441,1190,939,688,437,186
186,4956,4705,4454,4203,3952,3701,3450,3199,2948,2697,2446,2195,1944,1693,1442,1191,940,689,438,187
187,4957,4706,4455,4204,3953,3702,3451,3200,2949,2698,2447,2196,1945,1694,1443,1192,941,690,439,188
188,4958,4707,4456,4205,3954,3703,3452,3201,2950,2699,2448,2197,1946,1695,1444,1193,942,691,440,189
189,4959,4708,4457,4206,3955,3704,3453,3202,2951,2700,2449,2198,1947,1696,1445,1194,943,692,441,190
190,4960,4709,4458,4207,3956,3705,3454,3203,2952,2701,2450,2199,1948,1697,1446,1195,944,693,442,191
191,4961,4710,4459,4208,3957,3706,3455,3204,2953,2702,2451,2200,1949,1698,1447,1196,945,694,443,192
192,4962,4711,4460,4209,3958,3707,3456,3205,2954,2703,2452,2201,1950,1699,1448,1197,946,695,444,193
193,4963,4712,4461,4210,3959,3708,3457,3206,2955,2704,2453,2202,1951,1700,1449,1198,947,696,445,194
194,4964,4713,4462,4211,3960,3709,3458,3207,2956,2705,2454,2203,1952,1701,1450,1199,948,697,446,195
195,4965,4714,4463,4212,3961,3710,3459,3208,2957,2706,2455,2204,1953,1702,1451,1200,949,698,447,196
196,4966,4715,4464,4213,3962,3711,3460,3209,2958,2707,2456,2205,1954,1703,1452,1201,950,699,448,197
197,4967,4716,4465,4214,3963,3712,3461,3210,2959,2708,2457,2206,1955,1704,1453,1202,951,700,449,198
198,4968,4717,4466,4215,3964,3713,3462,3211,2960,2709,2458,2207,1956,1705,1454,1203,952,701,450,199
199,4969,4718,4467,4216,3965,3714,3463,3212,2961,2710,2459,2208,1957,1706,1455,1204,953,702,451,200
200,4970,4719,4468,4217,3966,3715,3464,3213,2962,2711,2460,2209,1958,1707,1456,1205,954,703,452,201
201,4971,4720,4469,4218,3967,3716,3465,3214,2963,2712,2461,2210,1959,1708,1457,1206,955,704,453,202
202,4972,4721,4470,4219,3968,3717,3466,3215,2964,2713,2462,2211,1960,1709,1458,1207,956,705,454,203
203,4973,4722,4471,4220,3969,3718,3467,3216,2965,2714,2463,2212,1961,1710,1459,1208,957,706,455,204
204,4974,4723,4472,4221,3970,3719,3468,3217,2966,2715,2464,2213,1962,1711,1460,1209,958,707,456,205
205,4975,4724,4473,4222,3971,3720,3469,3218,2967,2716,2465,2214,1963,1712,1461,1210,959,708,457,206
206,4976,4725,4474,4223,3972,3721,3470,3219,2968,2717,2466,2215,1964,1713,1462,1211,960,709,458,207
207,4977,4726,4475,4224,3973,3722,3471,3220,2969,2718,2467,2216,1965,1714,1463,1212,961,710,459,208
208,4978,4727,4476,4225,3974,3723,3472,3221,2970,2719,2468,2217,1966,1715,1464,1213,962,711,460,209
209,4979,4728,4477,4226,3975,3724,3473,3222,2971,2720,2469,2218,1967,1716,1465,1214,963,712,461,210
210,4980,4729,4478,4227,3976,3725,3474,3223,2972,2721,2470,2219,1968,1717,1466,1215,964,713,462,211
211,4981,4730,4479,4228,3977,3726,3475,3224,2973,2722,2471,2220,1969,1718,1467,1216,965,714,463,212
212,4982,4731,4480,4229,3978,3727,3476,3225,2974,2723,2472,2221,1970,1719,1468,1217,966,715,464,213
213,4983,4732,4481,4230,3979,3728,3477,3226,2975,2724,2473,2222,1971,1720,1469,1218,967,716,465,214
214,4984,4733,4482,4231,3980,3729,3478,3227,2976,2725,2474,2223,1972,1721,1470,1219,968,717,466,215
215,4985,4734,4483,4232,3981,3730,3479,3228,2977,2726,2475,2224,1973,1722,1471,1220,969,718,467,216
216,4986,4735,4484,4233,3982,3731,3480,3229,2978,2727,2476,2225,1974,1723,1472,1221,970,719,468,217
217,4987,4736,4485,4234,3983,3732,3481,3230,2979,2728,2477,2226,1975,1724,1473,1222,971,720,469,218
218,4988,4737,4486,4235,3984,3733,3482,3231,2980,2729,2478,2227,1976,1725,1474,1223,972,721,470,219
219,4989,4738,4487,4236,3985,3734,3483,3232,2981,2730,2479,2228,1977,1726,1475,1224,973,722,471,220
220,4990,4739,4488,4237,3986,3735,3484,3233,2982,2731,2480,2229,1978,1727,1476,1225,974,723,472,221
221,4991,4740,4489,4238,3987,3736,3485,3234,2983,2732,2481,2230,1979,1728,1477,1226,975,724,473,222
222,4992,4741,4490,4239,3988,3737,3486,3235,2984,2733,2482,2231,1980,1729,1478,1227,976,725,474,223
223,4993,4742,4491,4240,3989,3738,3487,3236,2985,2734,2483,2232,1981,1730,1479,1228,977,726,475,224
224,4994,4743,4492,4241,3990,3739,3488,3237,2986,2735,2484,2233,1982,1731,1480,1229,978,727,476,225
225,4995,4744,4493,4242,3991,3740,3489,3238,2987,2736,2485,2234,1983,1732,1481,1230,979,728,477,226
226,4996,4745,4494,4243,3992,3741,3490,3239,2988,2737,2486,2235,1984,1733,1482,1231,980,729,478,227
227,4997,4746,4495,4244,3993,3742,3491,3240,2989,2738,2487,2236,1985,1734,1483,1232,981,730,479,228
228,4998,4747,4496,4245,3994,3743,3492,3241,2990,2739,2488,2237,1986,1735,1484,1233,982,731,480,229
229,4999,4748,4497,4246,3995,3744,3493,3242,2991,2740,2489,2238,1987,1736,1485,1234,983,732,481,230
230,5000,4749,4498,4247,3996,3745,3494,3243,2992,2741,2490,2239,1988,1737,1486,1235,984,733,482,231
231,4750,4499,4248,3997,3746,3495,3244,2993,2742,2491,2240,1989,1738,1487,1236,985,734,483,232
232,4751,4500,4249,3998,3747,3496,3245,2994,2743,2492,2241,1990,1739,1488,1237,986,735,484,233
233,4752,4501,4250,3999,3748,3497,3246,2995,2744,2493,2242,1991,1740,1489,1238,987,736,485,234
234,4753,4502,4251,4000,3749,3498,3247,2996,2745,2494,2243,1992,1741,1490,1239,988,737,486,235
235,4754,4503,4252,4001,3750,3499,3248,2997,2746,2495,2244,1993,1742,1491,1240,989,738,487,236
236,4755,4504,4253,4002,3751,3500,3249,2998,2747,2496,2245,1994,1743,1492,1241,990,739,488,237
237,4756,4505,4254,4003,3752,3501,3250,2999,2748,2497,2246,1995,1744,1493,1242,991,740,489,238
238,4757,4506,4255,4004,3753,3502,3251,3000,2749,2498,2247,1996,1745,1494,1243,992,741,490,239
239,4758,4507,4256,4005,3754,3503,3252,3001,2750,2499,2248,1997,1746,1495,1244,993,742,491,240
240,4759,4508,4257,4006,3755,3504,3253,3002,2751,2500,2249,1998,1747,1496,1245,994,743,492,241
241,4760,4509,4258,4007,3756,3505,3254,3003,2752,2501,2250,1999,1748,1497,1246,995,744,493,242
242,4761,4510,4259,4008,3757,3506,3255,3004,2753,2502,2251,2000,1749,1498,1247,996,745,494,243
243,4762,4511,4260,4009,3758,3507,3256,3005,2754,2503,2252,2001,1750,1499,1248,997,746,495,244
244,4763,4512,4261,4010,3759,3508,3257,3006,2755,2504,2253,2002,1751,1500,1249,998,747,496,245
245,4764,4513,4262,4011,3760,3509,3258,3007,2756,2505,2254,2003,1752,1501,1250,999,748,497,246
246,4765,4514,4263,4012,3761,3510,3259,3008,2757,2506,2255,2004,1753,1502,1251,1000,749,498,247
247,4766,4515,4264,4013,3762,3511,3260,3009,2758,2507,2256,2005,1754,1503,1252,1001,750,499,248
248,4767,4516,4265,4014,3763,3512,3261,3010,2759,2508,2257,2006,1755,1504,1253,1002,751,500,249
249,4768,4517,4266,4015,3764,3513,3262,3011,2760,2509,2258,2007,1756,1505,1254,1003,752,501,250
250,4769,4518,4267,4016,3765,3514,3263,3012,2761,2510,2259,2008,1757,1506,1255,1004,753,502,251
